user_id,ut_id,suburb,state,postcode,employment_type,active,modified_time,comments,app_version,device_os,device_os_version,app_timezone,last_logged_in
38,3,,,,1,1,2017-09-18 01:59:51,,,,,,2021-05-02 23:24:12
39,2,North Sydney,NSW,2060,1,1,2019-03-06 04:24:38,,4.3.0,,,,2021-04-14 01:00:11
40,1,St Leonards[Null],"",,1,1,2015-12-17 23:27:23,"",,,,,2020-10-26 23:09:32
93,2,Riverview,New South Wales,,1,1,2021-01-13 04:22:48,"",5.31.3,web,Netscape 5.0 (iPhone; CPU iPho,420,2021-02-02 20:19:28
432,2,Crows Nest,New South Wales,2065,3,1,2020-05-18 23:22:12,"",5.36.1,web,Netscape 5.0 (iPhone; CPU iPho,-600,2021-04-15 00:21:56
433,3,Riverview,New South Wales,"",1,1,2021-03-22 23:00:23,"",,,,,2021-03-23 17:55:09
434,2,homebush,New South Wales,2096,3,1,2020-09-23 00:54:53,"",5.23.2,web,Netscape 5.0 (iPhone; CPU iPho,-660,2020-10-11 22:09:16
435,2,Homebush,New South Wales,,1,0,2016-05-31 04:53:16,"",,,,,
436,2,Penrith,New South Wales,,1,0,2016-05-31 04:53:20,"",,,,,
437,2,wa,Western Australia,"",3,0,2016-03-30 00:42:27,"",,,,,
438,2,wa,Western Australia,"",1,0,2016-03-30 00:42:23,"",,,,,
439,2,North Wollongong,New South Wales,,1,0,2016-05-31 04:51:28,"",,,,,
440,2,North Wollongong,New South Wales,,1,0,2017-06-09 01:29:41,"",,,,,
441,2,North Wollongong,New South Wales,"",1,1,2017-05-19 03:47:43,"",,,,,
442,2,North Wollongong,New South Wales,"",1,0,2016-05-31 04:51:25,"",,,,,
443,2,North Wollongong,New South Wales,,1,0,2016-05-31 04:53:00,"",,,,,
444,2,North Wollongong,New South Wales,,1,0,2016-05-31 04:51:19,"",,,,,
446,2,Revesby,New South Wales,,1,0,2014-10-16 22:49:40,"",,,,,
447,2,Mornington,"","",3,0,2016-05-31 04:52:30,"",,,,,
448,2,Richmond,"","",3,0,2016-05-31 04:52:16,"",,,,,
449,3,"","",,1,0,2016-03-30 00:40:29,"",,,,,
450,3,"",New South Wales,"",1,0,2017-09-09 23:51:45,"",,,,,
451,3,"",New South Wales,"",1,0,2016-08-25 05:17:04,"",,,,,
452,2,Hurstville,New South Wales,"",1,1,2017-05-19 03:47:55,Has own tools,,,,,
453,2,Sydney,New South Wales,"",1,0,2016-08-25 05:19:29,"",,,,,
454,3,"","",,1,0,2015-06-20 09:19:08,"",,,,,
455,2,Canterbury,Victoria,,1,0,2016-03-30 00:42:34,"",,,,,
456,3,"","",,1,0,2015-06-20 09:19:03,"",,,,,
457,2,"","",,1,0,2016-03-30 00:42:57,"",,,,,
458,2,"","",,1,0,2016-10-25 02:18:38,"",,,,,
459,3,Karratha,Western Australia,,1,0,2014-12-29 11:32:01,"",,,,,
460,2,Karratha,Western Australia,,1,0,2016-03-30 00:42:38,"",,,,,
461,3,Karratha,Western Australia,,1,0,2014-12-29 11:29:44,"",,,,,
462,2,Chatswood,New South Wales,,1,0,2016-03-30 00:42:20,"",,,,,
463,3,"",New South Wales,"",3,0,2016-03-30 00:40:40,"",,,,,
464,3,"",New South Wales,,1,0,2016-03-30 00:39:54,"",,,,,
465,3,"",Western Australia,,1,0,2015-03-24 08:52:59,"",,,,,
466,2,"","","",1,1,2017-05-19 03:49:34,"",,,,,
467,2,"",New South Wales,,3,0,2016-05-09 05:14:42,"",,,,,
468,3,"",Victoria,,4,0,2016-03-30 00:39:10,"",,,,,
469,2,"",Queensland,,1,0,2016-05-31 04:51:34,"Reesey is a good guy but can be forgetful about his timesheets, He doesn't mind if you SMS a reminder.",,,,,
470,3,"","",,1,0,2015-02-13 04:07:37,"",,,,,
471,2,"","",,1,0,2015-02-23 01:50:57,"",,,,,
472,2,"","","",4,0,2016-09-01 06:14:06,"",,,,,
473,3,"","",,1,0,2017-02-01 00:16:48,"",,,,,
476,3,"","",,1,0,2015-03-24 08:53:15,"",,,,,
477,3,"",New South Wales,,1,0,2015-06-20 09:18:39,"",,,,,
478,3,"","",,1,0,2015-06-20 09:19:14,"",,,,,
479,2,Mannering Park,New South Wales,,1,0,2016-08-25 05:20:25,"",,,,,
480,2,"","",,1,0,2016-05-31 04:51:40,"",,,,,
481,3,"","",,1,0,2015-06-20 09:18:56,"",,,,,
482,2,"","",,1,0,2016-05-09 05:15:02,"",,,,,
484,2,"",New South Wales,,1,0,2016-07-24 22:22:04,"",,,,,
485,3,"","",,1,0,2015-06-20 09:18:42,"",,,,,
486,3,"","",,1,0,2015-06-20 09:18:50,"",,,,,
487,2,Bateau Bay,New South Wales,,1,0,2015-05-11 03:00:40,nil,,,,,
496,3,"","",,1,1,2017-10-12 01:12:12,Ghost Inspector is a user that automatically tests the system.  Do Not Delete,,,,,
497,3,CASTLE COVE,New South Wales,,1,0,2015-07-15 10:10:54,"",,,,,
503,2,"","",,1,0,2016-03-30 00:43:08,"",,,,,
504,3,"",New South Wales,,1,0,2015-11-17 01:21:24,"",,,,,
505,3,"",New South Wales,,1,0,2015-11-17 01:21:27,"",,,,,
506,3,"","","",1,1,2018-08-19 10:08:29,"",,,,,2021-05-03 01:01:16
508,2,"","",,1,0,2016-03-30 00:42:14,"",,,,,
509,3,"","",,1,0,2015-11-17 01:21:00,"",,,,,
510,2,"","",,1,0,2016-03-30 00:42:42,"",,,,,
511,3,"","",,1,0,2015-11-17 01:20:45,"",,,,,
512,2,"","","",1,0,2016-03-24 00:16:55,"",,,,,
513,3,"",New South Wales,,1,0,2015-11-17 01:21:13,"",,,,,
514,2,West Perth,Western Australia,,5,0,2016-05-31 04:53:10,"",,,,,
515,2,"",New South Wales,"",3,0,2017-06-09 01:28:09,"",,,,,
516,3,"","","",1,0,2016-03-30 00:40:08,"",,,,,
518,3,"","",,1,0,2015-10-13 03:25:55,"",,,,,
519,3,"",New South Wales,,1,0,2015-10-20 05:51:39,"",,,,,
520,2,sydney,"",,1,0,2015-10-20 05:51:31,"",,,,,
521,3,"","",,1,0,2016-08-25 05:17:12,"",,,,,
522,2,"","",,1,0,2016-08-25 05:19:36,"",,,,,
530,2,"","","",1,1,2017-10-06 03:36:12,"",5.36.0,web,Netscape 5.0 (iPhone; CPU iPho,-600,2021-04-08 06:19:25
532,3,"","",,1,0,2015-10-27 10:48:58,"",,,,,
533,2,"","","",1,0,2016-03-30 00:42:05,"",,,,,
534,3,"","","",1,0,2016-03-30 00:38:57,"",,,,,
535,2,,,,1,0,2016-03-30 00:43:12,,,,,,
536,3,"","","",1,0,2016-03-30 00:41:14,"",,,,,
537,2,"","","",1,0,2016-03-30 00:42:17,"",,,,,
538,3,"","",,6,0,2016-08-25 05:17:34,"",,,,,
539,2,Lynbrook,Victoria,,1,0,2016-08-25 05:20:17,"",,,,,
540,3,Manly,New South Wales,"",1,1,2019-06-24 05:34:08,"",,,,,2019-09-06 03:01:39
541,2,"",New South Wales,"",1,0,2016-03-30 00:40:59,,,,,,
542,3,Cronulla,New South Wales,,1,0,2016-03-30 00:38:52,"",,,,,
543,2,Manly,New South Wales,"",1,1,2017-09-13 00:11:14,medical conditions: none,3.7.13,web,Chrome 66,-600,
544,2,,,"",1,1,2019-12-09 23:13:54,,5.6.6,web,Chrome 82,-660,2020-02-11 00:31:44
545,2,Port Fairy,VIC,3284,3,0,2020-02-16 23:45:38,"",5.8.3,web,Chrome 4,-660,2020-03-11 22:47:51
546,2,"","",,1,0,2016-08-25 05:18:58,"",,,,,
547,3,"",,"",1,0,2016-08-25 05:16:34,,,,,,
548,3,Neutral Bay,NSW,2089,1,0,2019-06-24 05:36:56,"No pre-existing medical conditions
Allergic to Amoxclin",,,,,
549,2,Neutral Bay,New South Wales,2089,1,0,2017-07-25 00:05:02,"",4.2.2,web,Chrome 76,420,2019-05-23 17:52:03
550,2,,,,1,0,2016-03-30 00:42:52,,,,,,
551,3,"",Queensland,,1,0,2016-03-30 00:41:17,"",,,,,
554,3,"",New South Wales,"",1,0,2017-11-16 23:24:50,"",,,,,
555,3,,New South Wales,,3,0,2016-03-30 00:40:12,,,,,,
556,2,,New South Wales,,3,0,2016-03-30 00:42:49,,,,,,
557,3,"","","",1,0,2016-05-31 04:50:29,,,,,,
558,2,"","","",5,0,2016-09-01 06:13:56,"",,,,,
559,3,"","","",1,0,2017-02-01 00:06:26,"",,,,,
560,2,"","","",1,1,2020-09-09 06:31:42,"",,,,,
561,3,,,,1,0,2016-03-30 00:41:21,,,,,,
562,3,,,,3,0,2016-03-30 00:41:33,,,,,,
564,3,,,,1,0,2019-06-24 05:33:58,,,,,,2018-12-06 00:29:59
565,2,Vaucluse,NSW,2030,1,1,2019-07-18 09:05:21,- Allergic to loosing,3.12.1,iOS,12.0,-600,
567,3,,,,1,0,2016-03-30 00:39:26,,,,,,
568,2,"","","",1,0,2017-06-09 01:29:54,"",,,,,
569,2,"","","",3,1,2017-06-09 04:45:30,"",,,,,
571,2,"","","",1,0,2016-05-31 04:51:52,"",,,,,
572,2,,,,1,0,2016-05-31 04:52:07,,,,,,
573,3,"","","",1,0,2016-05-10 02:04:36,"",,,,,
574,2,Coolum Beach,Queensland,4573,3,0,2016-05-10 02:03:14,"",,,,,
575,2,Coolum Beach,Queensland,4573,1,0,2016-05-10 02:03:50,,,,,,
576,2,bateau bay,NSW,2261,3,0,2016-08-25 05:19:44,,,,,,
577,2,,,"",1,0,2019-06-05 01:16:21,,4.0.4,Android,8.1.0,-660,2019-03-09 07:48:05
578,1,,,,1,1,2017-01-12 09:32:51,,,,,,
579,3,,,,1,0,2016-08-25 05:15:44,,,,,,
580,2,,,"",3,0,2016-08-03 03:45:55,,,,,,
581,3,,,,1,0,2016-05-31 04:49:56,,,,,,
582,3,,,,1,0,2016-05-31 04:49:44,,,,,,
583,2,,"","",1,0,2016-05-31 04:52:24,,,,,,
584,2,"",,"",3,0,2016-05-31 04:53:06,,,,,,
585,3,,,,1,0,2016-06-28 23:14:43,,,,,,
586,2,,,,1,0,2016-05-09 03:33:01,,,,,,
588,3,,,,,0,2016-05-31 04:50:05,,,,,,
589,2,"","","",1,0,2016-06-28 23:14:56,"",,,,,
590,2,,,,1,0,2016-05-31 04:51:56,,,,,,
591,3,"","","",1,0,2016-09-01 06:13:36,"",,,,,
592,2,Clovelly,NSW,"",1,0,2016-09-01 06:13:46,"",,,,,
593,3,,,,9,0,2016-08-25 05:16:04,,,,,,
594,2,,,,9,0,2016-08-25 05:19:05,,,,,,
595,3,,,,1,0,2017-09-09 23:50:55,,,,,,
596,2,,,,1,0,2017-06-09 01:32:34,,,,,,
597,3,,,,1,0,2016-10-17 00:34:45,,,,,,
598,2,,,,1,0,2016-08-08 00:58:42,,,,,,
599,2,"","","",1,0,2017-05-25 00:00:13,"",,,,,
600,3,,,,1,0,2019-02-18 11:46:48,,,,,,2019-12-17 23:55:04
601,2,North Sydney,NSW,2060,5,0,2020-01-08 12:50:41,,5.3.6,iOS,13.1.3,-660,2019-12-19 03:45:55
604,2,,,,1,0,2016-08-25 05:19:20,,,,,,
605,3,,,,9,0,2016-08-25 05:16:53,,,,,,
606,3,Crows Nest,NSW,2065,1,0,2017-02-01 00:35:17,,,,,,
607,3,,,,3,0,2016-09-18 22:46:53,,,,,,
616,3,,,,1,0,2016-09-18 22:54:33,,,,,,
617,3,,,,1,0,2016-10-17 00:34:50,,,,,,
621,3,,,,,0,2016-10-17 00:35:53,,,,,,
622,3,,,,5,0,2017-02-01 00:16:41,,,,,,
623,3,,,,3,0,2016-10-17 00:36:01,,,,,,
625,3,,,,1,1,2017-12-07 03:01:35,,,,,,
626,3,,,,1,0,2019-05-21 23:43:12,,,,,,
628,3,,,,,0,2017-02-01 00:16:24,,,,,,
629,2,"","","",0,0,2017-06-09 01:32:29,"",,,,,
630,3,,,,1,0,2017-02-01 00:35:46,,,,,,
631,3,,,,1,0,2017-02-01 00:35:39,,,,,,
632,2,"","","",1,0,2017-06-09 01:29:10,"",,,,,
633,2,,,,1,0,2017-06-09 01:32:38,,,,,,
634,3,,,,1,0,2017-02-01 00:16:07,,,,,,
635,3,,,,1,0,2017-02-01 00:35:43,,,,,,
636,2,,,,1,0,2017-06-09 01:29:18,,,,,,
637,3,,,,5,0,2017-02-01 00:36:03,,,,,,
638,2,,,"",0,0,2017-06-09 01:29:21,,,,,,
639,2,,,"",0,0,2017-06-09 01:28:26,,,,,,
640,2,,,"",0,0,2017-06-09 01:29:51,,,,,,
641,2,,,"",0,1,2018-03-11 21:01:57,,,,,,
642,2,,,"",0,0,2017-06-09 01:28:22,,,,,,
643,2,,,"",0,0,2017-06-09 01:28:58,,,,,,
644,2,,,"",0,0,2017-06-09 01:29:13,,,,,,
645,2,,,"",0,0,2017-06-09 01:32:22,,,,,,
646,2,,,"",0,0,2017-06-09 01:29:46,,,,,,
647,2,"","","",0,1,2019-09-12 05:11:09,"",4.6.0,web,Chrome 76,-600,2019-09-12 04:34:33
648,3,"","","",1,1,2019-09-23 06:26:12,"",,,,,2020-02-17 23:49:43
649,3,,,,1,1,2020-01-09 22:47:04,,,,,,
650,3,Swansea,NSW,2281,1,0,2018-05-28 00:49:32,,,,,,
651,3,,,,1,1,2017-07-10 04:16:20,,,,,,2021-04-30 02:45:44
652,2,,,,5,1,2020-11-26 00:54:48,,5.35.0,web,Chrome 89,-660,2021-03-29 22:41:10
653,2,"","","",1,1,2017-07-27 01:55:08,"",3.6.3,web,,,
654,3,,,,1,0,2019-06-24 05:35:11,,,,,,
655,2,"","","",1,0,2018-07-12 04:50:05,"",3.7.13,Android,8.1.0,-600,
657,3,,,,3,0,2017-09-09 23:51:24,,,,,,
658,2,"","","",3,0,2017-06-09 01:29:02,"",,,,,
659,3,,,,3,0,2017-09-09 23:51:19,,,,,,
660,3,,,,3,0,2017-09-09 23:51:33,,,,,,
661,3,,,,1,0,2017-05-03 05:26:16,,,,,,
663,2,,,,1,0,2017-06-09 01:29:28,,,,,,
664,3,,,,1,0,2017-09-09 23:51:12,,,,,,
665,2,,,,3,0,2017-06-09 01:32:13,,,,,,
666,4,,,,1,1,2019-06-01 04:06:34,,,,,,2019-09-04 06:27:30
667,3,"","","",1,0,2018-03-28 17:01:12,"",,,,,
668,2,Springform,nsw,2365,1,0,2018-03-28 17:03:48,"",3.7.9,iOS,11.2.6,-660,
669,3,,,,1,1,2021-03-21 21:44:35,,,,,,2021-04-23 03:38:14
670,3,,,,3,0,2017-09-09 23:51:06,,,,,,
671,3,,,,1,0,2019-06-05 01:07:33,,,,,,2019-04-29 04:52:32
672,2,,Teater,,1,1,2020-12-03 06:09:03,"",5.37.1,web,Netscape 5.0 (iPhone; CPU iPho,-600,2021-04-28 12:03:45
673,3,Crows Nest,NSW,2065,1,1,2019-09-20 05:47:43,sfdfdfd,,,,,2021-04-30 02:31:54
674,3,,,,1,0,2019-06-24 05:34:53,,,,,,2019-06-06 11:06:56
675,2,Crows Nest,NSW,2065,1,0,2018-04-15 22:25:46,"",3.6.8,web,,,
676,2,,,"",1,0,2019-06-05 01:07:45,,4.2.3,Android,9,-600,2019-06-03 23:36:22
677,2,,,,1,0,2017-07-04 04:36:39,,,,,,
678,3,"","","",1,0,2017-09-09 23:51:28,"",,,,,
679,2,"","","",4,1,2017-12-04 02:45:15,"",3.6.11,web,,,
680,3,,,,1,0,2017-09-09 23:51:50,,,,,,
681,2,,,"",1,0,2017-10-12 05:35:14,,3.6.2,web,,,
682,3,,,,3,0,2017-08-15 08:13:34,,,,,,
683,2,,,"",8,1,2018-03-11 21:01:24,,,,,,
684,2,Gosford,NSW,2250,3,1,2020-04-21 01:07:06,,,,,,
685,2,Geographe,WA,6280,1,0,2017-08-15 08:14:08,,3.6.3,web,,,
686,2,Davenport,WA,6230,3,1,2017-08-13 23:09:08,,,,,,
687,2,,,,9,0,2017-08-15 08:14:17,,3.6.3,iOS,10.3.3,,
688,2,Yalyalup,WA,6280,3,1,2017-08-13 23:23:36,,,,,,
690,3,,,,1,0,2017-09-04 22:52:40,,,,,,2019-07-29 22:30:15
691,4,,,,1,0,2017-09-04 23:28:30,,,,,,
693,3,,,,1,0,2018-09-21 01:26:01,,,,,,2019-10-30 02:19:58
694,3,,,,1,1,,,,,,,
695,2,,,,1,1,,,,,,,
696,3,,,,1,1,,,,,,,
697,2,,,,1,0,2019-07-18 04:40:10,,4.8.1,Android,10,-660,2019-10-29 04:03:16
698,3,,,,1,1,,,,,,,
699,3,,,,1,1,2021-01-28 06:48:36,,,,,,2021-04-28 23:33:13
700,3,,,"",1,1,2021-04-22 23:22:02,,,,,,2021-04-22 23:26:22
701,2,,,,1,1,2021-04-22 23:20:38,,5.36.1,web,Chrome 89,-600,2021-04-14 01:00:51
702,3,,,,1,1,,,,,,,
703,2,,,,1,1,2018-04-06 06:22:18,,3.7.9,iOS,11.2.6,-600,
704,2,Petersham,New South Wales,2049,1,0,2019-07-05 06:15:20,,3.17.5,iOS,12.0,-660,2018-12-16 23:03:41
705,3,,,,1,0,2019-06-24 05:34:43,,,,,,
707,2,Crows Nest,NSW,2065,5,1,,,,,,,
708,3,,,,1,0,2019-06-24 05:34:37,,,,,,
709,2,,,,3,0,2018-01-07 22:23:58,,,,,,
710,2,,,,3,0,2018-07-23 01:51:57,,,,,,
711,2,,,,1,0,2018-04-15 22:25:39,,,,,,
712,3,,,,9,0,,,,,,,
713,2,,,,1,0,,,,,,,
714,3,,,,1,0,2018-03-28 17:01:22,,,,,,
716,3,,,,5,0,2018-03-28 17:02:22,,,,,,
717,2,,,,3,1,,,,,,,
718,3,,,,1,0,2019-06-24 05:37:15,,,,,,
721,3,,,,1,0,2019-06-24 05:37:31,,,,,,
722,3,North Sydney,NSW,2060,1,1,2018-02-03 02:18:59,,,,,,2021-02-18 23:44:09
723,2,,,,3,1,,,,,,,
724,3,,,,3,0,2018-03-20 01:06:11,,,,,,
725,3,,,,1,1,,,,,,,
726,3,,,,1,1,,,,,,,2019-07-10 16:19:03
728,2,,,,1,0,2018-04-04 21:58:05,,3.7.13,web,Chrome 64,-600,
730,2,,,,8,1,,,,,,,
731,2,,,,4,1,2020-02-15 18:31:26,,,,,,
732,3,Crows Nest,NSW,2065,1,1,,Hannah is the best...,,,,,
734,3,,NSW,,1,1,,Test account for training.,,,,,
735,2,,,,1,1,,,3.7.13,iOS,11.4,-600,
736,3,,,,1,1,,,,,,,
737,2,,,,1,1,,,,,,,
738,2,,,,1,1,2020-06-18 00:14:23,,5.37.1,web,Netscape 5.0 (iPhone; CPU iPho,-600,2021-04-26 22:54:24
739,2,,,,1,0,2018-09-27 00:13:02,,3.11.0,web,Chrome 68,-600,
740,3,,,,1,1,2020-01-29 00:22:52,,,,,,2021-04-09 05:09:18
742,3,,,,3,0,2019-06-24 05:36:26,,,,,,
746,2,,,,1,1,,,,,,,
747,2,,,,3,1,,,,,,,
750,3,,,,,1,2018-08-02 19:30:31,,,,,,
752,3,,,,1,0,2019-06-05 01:08:18,,,,,,2019-03-18 03:03:33
753,2,"","","",1,0,2019-06-05 01:08:30,,,,,,
754,2,,,,6,1,2018-09-04 02:12:13,,3.11.0,web,Chrome 68,-600,
755,2,,,,1,1,,,,,,,
756,2,,,,1,1,,,,,,,
757,2,North Sydney,New South Wales,2060,1,1,2021-02-05 00:12:03,,5.33.0,web,Netscape 5.0 (iPhone; CPU iPho,-660,2021-02-18 06:21:28
759,2,,,,1,1,,,5.28.1,web,Chrome 87,-660,2020-12-17 03:53:34
761,2,,,,1,1,2020-11-18 06:26:47,,5.36.1,web,Netscape 5.0 (Macintosh; Intel,420,2021-04-10 13:02:23
762,2,,,,1,1,,,3.11.0,web,Safari 11,-600,
763,2,,,,3,1,,,3.11.1,web,Safari 11,-600,
764,2,rockdale,nsw,2216,6,1,2020-03-24 00:22:35,asfdsfdgfhgjhklk wdfrhtgjhj qwertyujk werthjhgdsdvf asfdsfdgfhgjhklk wdfrhtgjhj qwertyujk werthjhgdsdvf asfdsfdgfhgjhklk wdfrhtgjhj qwertyujk werthjhgdsdvf asfdsfdgfhgjhklk wdfrhtgjhj qwertyujk werthjhgdsdvf asfdsfdgfhgjhklk wdfrhtgjhj qwertyujk werthjhgdsdvf asfdsfdgfhgjhklk wdfrhtgjhj qwertyujk werthjhgdsdvf asfdsfdgfhgjhklk wdfrhtgjhj qwertyujk werthjhgdsdvf asfdsfdgfhgjhklk wdfrhtgjhj qwertyujk werthjhgdsdvf asfdsfdgfhgjhklk wdfrhtgjhj qwertyujk werthjhgdsdvf asfdsfdgfhgjhklk wdfrhtgjhj qwer,5.8.3,web,Chrome 80,-660,2020-03-19 02:23:27
765,2,,,,4,0,2021-03-03 04:57:06,,5.33.2,web,Chrome 88,-660,2021-03-03 04:57:29
767,2,,,,1,1,,,,,,,
770,3,,,,5,0,2019-06-24 05:35:32,,,,,,2019-04-08 23:18:09
771,2,,,,3,0,2018-11-01 00:09:05,,4.2.2,web,Chrome 74,-600,2019-05-15 07:11:56
777,2,,,,5,1,2021-02-26 03:41:08,,4.4.6,iOS,9.3.5,-600,2019-08-08 00:38:32
779,2,,,,6,0,2018-11-16 04:44:12,,4.2.2,web,Chrome 74,-600,2019-05-15 07:07:11
810,3,,,,5,1,2020-08-11 01:44:37,,,,,,2020-08-11 01:45:05
814,2,,,,1,1,,,3.15.0,web,Chrome 69,-660,
819,2,,,,1,1,,,,,,,
820,2,,,,1,1,,,,,,,
821,2,,,,1,1,,,,,,,
822,2,,,,1,1,,,,,,,
823,2,,,,1,1,,,,,,,
824,3,,,,1,1,,,,,,,2021-05-02 23:57:06
825,2,,,,1,1,2020-11-25 03:03:11,,5.37.1,web,Chrome 90,-600,2021-04-29 01:27:50
826,2,,,,1,1,,,,,,,
827,2,,,,1,1,,,,,,,
828,2,,,,1,1,,,,,,,
829,2,,,,1,1,,,,,,,
830,2,,,"",1,1,2020-09-09 06:31:29,,,,,,
831,2,,,,1,1,,,,,,,
832,2,,,,1,1,,,,,,,
833,2,,,,1,1,,,,,,,
834,3,,,,1,1,2021-01-11 05:52:04,,,,,,2020-12-21 02:20:31
836,2,,,,1,1,,,,,,,
837,3,,,,1,0,2019-09-11 05:24:59,,,,,,2019-09-11 05:23:19
838,3,,,,1,0,2018-11-12 00:56:47,,,,,,
840,3,,,,1,0,2019-06-05 01:16:09,,,,,,2018-11-12 00:54:59
842,3,Crows Nest,NSW,2065,6,1,,,,,,,2019-09-08 03:34:22
843,3,,,,5,1,,,,,,,2020-05-20 05:32:26
844,2,,,,6,1,,,4.6.0,web,Chrome 76,-180,2019-09-20 10:53:47
845,3,North Sydney,NSW,2060,1,0,2018-11-13 03:06:15,,,,,,
846,2,,,,1,1,,,3.16.3,iOS,12.0,-660,2018-11-13 03:07:36
847,3,,,,1,0,2018-11-18 23:52:50,,,,,,2018-11-15 01:29:08
935,2,subNorth Sydney,NSW,2060,,1,2018-12-05 10:53:51,This is a test from Zapier,,,,,
936,2,,,,3,1,,,,,,,
940,3,,,,1,1,2021-03-30 03:24:32,,,,,,2021-05-02 19:16:48
941,2,,,,1,1,2020-02-27 05:26:03,,5.25.2,web,Chrome 86,-660,2020-10-29 04:54:42
942,3,Crows Nest,NSW,2065,1,1,2020-10-21 23:09:42,,,,,,2021-04-14 04:29:49
943,2,North Sydney,NSW,2060,1,1,2020-12-22 01:57:54,,5.37.1,web,Chrome 4,-600,2021-04-28 07:53:16
944,2,,,,1,1,,,,,,,
945,3,,,,5,1,,,,,,,
946,2,,,,5,1,,,,,,,
947,2,,,,1,1,,,,,,,
948,2,Rooty Hill,NSW,2766,1,1,2021-03-02 04:53:31,,5.33.2,web,Netscape 5.0 (iPhone; CPU iPho,-660,2021-03-03 02:53:48
949,3,,,,1,1,2020-04-21 02:00:20,,,,,,2021-04-26 02:50:43
950,2,,,,1,1,2020-11-26 22:52:23,,5.29.0,web,Netscape 5.0 (iPhone; CPU iPho,-660,2020-12-29 22:32:35
951,2,,,,1,1,,,,,,,
952,2,,,"",1,1,2020-09-09 06:30:36,,5.9.5,web,Chrome 80,-600,2020-04-29 02:12:36
953,2,,,,1,1,,,,,,,
954,2,,,,1,1,,,,,,,
955,2,,,,1,1,,,,,,,
956,2,,,"",1,1,2020-09-09 06:31:35,,,,,,
957,2,,,,1,1,,,,,,,
958,2,,,,1,1,,,,,,,
959,2,,,,1,1,,,,,,,
960,2,,,,1,1,,,,,,,
961,2,,,,1,1,,,,,,,
962,2,,,,1,1,,,,,,,
963,2,,,,1,1,,,,,,,
964,2,,,,1,1,,,,,,,
965,2,,,,1,1,,,,,,,
966,2,,,,1,1,,,,,,,
967,2,,,,1,1,,,,,,,
968,2,,,,1,1,,,,,,,
969,2,,,,1,1,,,,,,,
970,2,,,,9,1,2020-11-27 05:20:02,,,,,,
971,2,,,,1,1,,,,,,,
972,2,,,,1,1,,,,,,,
973,2,,,,1,1,,,,,,,
974,2,,,,1,1,,,,,,,
975,2,,,"",1,1,2020-09-09 06:30:08,,,,,,
976,2,,,,1,1,,,,,,,
977,2,,,,1,1,,,,,,,
978,2,,,,1,1,,,,,,,
979,2,,,,1,1,,,,,,,
980,2,,,,1,1,,,,,,,
981,2,,,,1,1,,,,,,,
982,2,,,,1,1,,,,,,,
983,2,,,,1,1,,,,,,,
984,2,,,,1,1,,,,,,,
985,2,,,"",1,1,2020-09-09 06:29:58,,,,,,
986,2,,,,1,1,,,,,,,
987,2,,,,1,1,,,,,,,
988,3,,,,8,0,2019-06-24 05:35:48,,,,,,2019-04-03 05:15:20
989,2,,,,1,1,,,,,,,
990,2,,,,1,1,,,,,,,
991,2,,,,1,1,,,,,,,
992,2,,,,1,1,,,,,,,
993,2,,,,1,1,,,,,,,
994,2,,,,1,1,,,,,,,
995,2,,,,1,1,,,,,,,
996,2,,,,1,1,,,,,,,
997,2,,,,1,1,,,,,,,
998,2,,,,1,1,,,,,,,
999,2,,,,1,1,,,,,,,
1000,2,,,,1,1,,,,,,,
1001,2,,,,1,1,,,,,,,
1002,2,,,,1,1,,,,,,,
1003,2,,,,1,1,,,,,,,
1004,2,,,,1,1,,,,,,,
1005,2,,,,1,1,,,,,,,
1006,2,,,,1,1,,,,,,,
1008,2,,,,3,0,2019-06-05 01:08:27,,4.1.1,web,Chrome 73,-660,2019-03-29 04:15:19
1009,3,,,,1,1,,,,,,,2020-10-06 22:44:08
1010,2,,,,1,0,2020-08-10 00:21:36,,5.23.2,web,Chrome 85,-660,2020-10-08 07:04:45
1011,3,,,,8,1,,,,,,,
1012,3,,,,8,0,2019-06-24 05:36:35,,,,,,
1013,3,,,,8,0,2019-06-24 05:35:59,,,,,,
1014,3,,,,1,0,2019-06-05 01:08:03,,,,,,2019-04-08 07:16:11
1015,3,Cremorne,NSW,2090,1,0,2020-03-29 23:58:12,,,,,,2020-05-08 04:26:58
1016,3,,,,1,1,,,,,,,2021-04-30 01:41:41
1018,3,,,,1,1,2020-04-21 01:58:52,,,,,,2019-07-22 12:05:32
1019,2,,,,6,1,2021-02-05 00:11:28,,,,,,
1021,3,,,,3,1,2020-04-26 23:34:42,,,,,,2020-04-26 23:34:53
1022,2,,,"",3,1,2020-06-19 01:58:09,,5.30.3,web,Chrome 87,-660,2021-01-19 22:44:03
1023,3,,,,1,1,,,,,,,2019-06-06 11:01:44
1024,2,,,,1,1,2020-04-29 02:03:10,,5.9.5,web,Safari 13,-600,2020-04-29 03:51:58
1025,3,,,,1,1,,,,,,,2020-02-12 18:46:27
1027,2,Denver,CO,80204,1,1,2019-10-17 20:22:54,,4.7.4,iOS,12.4.1,360,2019-10-17 20:23:48
1031,3,North Sydney,,,1,1,2020-01-17 03:23:36,,,,,,2021-05-03 00:26:57
1033,2,Sydney,NSW,2113,1,1,2021-03-01 03:57:13,,5.37.1,web,Netscape 5.0 (iPhone; CPU iPho,-600,2021-05-03 00:27:53
1034,3,,,,1,0,2019-06-05 01:07:15,,,,,,2019-05-31 00:18:15
1035,4,,,,1,0,2019-06-05 01:07:04,,,,,,2019-06-03 02:50:03
1037,3,,,,1,1,2019-05-29 07:24:21,,,,,,
1038,2,,,,1,1,2019-05-29 07:24:44,,,,,,
1041,2,,,,1,1,2019-05-29 07:26:25,,,,,,
1045,3,,,,1,1,2019-05-29 07:31:01,,,,,,
1046,2,,,,1,1,2019-05-29 07:31:08,,,,,,
1048,3,,,,1,1,2019-05-29 07:31:41,,,,,,
1050,2,,,,1,1,2019-05-29 07:32:04,,,,,,
1052,2,,,,1,1,2019-09-15 23:54:07,,5.19.0,web,Netscape 5.0 (iPhone; CPU iPho,-600,2020-09-08 00:47:57
1053,3,Croydon,NSW,2132,5,0,,,,,,,
1056,2,,,"",4,1,2020-11-05 23:36:05,,,,,,
1057,3,Forest Lodge,NSW,2037,3,0,,,,,,,
1058,2,,,"",4,1,2020-02-21 05:20:38,,,,,,
1059,2,Crows Nest,NSW,2065,6,1,,,,,,,
1060,3,Croydon,NSW,2132,9,1,,,,,,,
1061,3,Croydon,NSW,2132,9,1,2019-07-17 05:21:30,,,,,,
1062,2,,,,,1,2020-03-24 21:57:04,,,,,,
1065,2,,,,1,1,2019-08-14 00:46:02,,4.3.1,web,Chrome 75,360,2019-07-10 15:56:20
1066,3,Croydon,NSW,2132,5,1,,,,,,,
1067,3,,NSW,,1,1,2021-03-20 16:46:53,,,,,,2021-04-07 08:58:11
1068,3,Croydon,NSW,2132,5,1,,,,,,,
1069,2,,NSW,1213,4,1,,,,,,,
1070,3,Ringwood North,VIC,3134,1,1,,,,,,,2020-01-23 22:20:34
1071,2,Ringwood North,VIC,3134,1,1,,,5.5.10,web,Chrome 79,-660,2020-01-21 00:09:00
1072,2,Kirribilli,New South Wales,2061,1,1,2020-11-13 07:06:46,,5.37.1,web,Netscape 5.0 (iPhone; CPU iPho,-600,2021-04-28 12:04:21
1073,3,,,,1,1,2021-01-10 23:17:10,,,,,,2021-04-27 03:35:25
1074,2,,,,1,1,,,5.22.0,web,Chrome 85,-600,2020-09-25 06:00:11
1076,2,,,,1,1,2020-09-15 06:54:04,,,,,,
1077,3,,,,1,1,,,,,,,
1078,2,,,,1,1,,,,,,,
1081,2,,,,1,0,2020-04-23 00:13:58,,5.29.0,web,Chrome 4,-660,2021-01-07 00:02:24
1082,2,Forest Lodge,NSW,2037,1,1,2019-07-25 01:57:12,,,,,,
1083,2,Forest Lodge,NSW,2037,5,1,,,,,,,
1086,2,,,,4,1,,,,,,,
1087,2,,,,8,1,,,,,,,
1088,3,,,,8,1,,,,,,,
1089,2,Dawes Point,New South Wales,2000,1,1,2021-01-18 04:28:24,,5.26.0,web,Chrome 86,-660,2020-11-06 05:06:59
1090,2,,,,1,1,,,,,,,
1108,3,,,,,1,2019-08-12 04:51:26,,,,,,
1109,3,,,,,1,2020-02-07 05:09:06,,,,,,
1110,3,,,,,0,2019-08-13 00:59:19,,,,,,2019-08-13 00:59:22
1111,3,,,,,0,2019-08-13 01:08:15,,,,,,2019-08-13 01:08:19
1112,3,,,,,0,2019-08-13 02:48:11,,,,,,2019-08-13 02:48:14
1113,3,,,,,0,2019-08-13 04:58:13,,,,,,2019-08-13 04:58:16
1114,2,,,,1,1,,,5.11.3,web,Chrome 83,-600,2020-06-02 01:18:47
1115,2,,,,1,1,,,5.11.3,web,Chrome 83,-600,2020-06-02 01:19:00
1116,2,,,,,1,2019-08-13 06:13:10,,4.4.8,web,Chrome 76,-600,2019-08-13 06:14:03
1117,3,,,,,0,2019-08-13 06:16:33,,,,,,2019-08-13 06:17:04
1118,3,,,,,0,2019-08-13 06:38:01,,,,,,2019-08-13 06:38:05
1119,3,,,,,0,2019-08-13 23:07:31,,,,,,2019-08-13 23:07:36
1120,3,,,,,0,2019-08-13 23:07:45,,,,,,2019-08-13 23:07:48
1121,3,,,,1,1,2019-08-13 23:09:23,,,,,,
1122,3,,,,,0,2019-08-13 23:11:14,,,,,,2019-08-13 23:11:17
1123,3,,,,,0,2019-08-13 23:13:44,,,,,,2019-08-13 23:13:47
1124,3,,,,,0,2019-08-13 23:14:13,,,,,,
1125,3,,,,,0,2019-08-14 03:02:34,,,,,,2019-08-14 03:02:38
1126,3,,,,,0,2019-08-14 03:07:11,,,,,,2019-08-14 03:07:13
1127,3,,,,,0,2019-08-14 04:13:18,,,,,,2019-08-14 04:13:23
1128,2,,,,,1,2019-08-14 05:49:29,,4.3.0,,,,2019-08-14 05:49:33
1130,3,,,,,0,2019-08-15 00:27:42,,,,,,2019-08-15 00:27:46
1131,3,,,,,0,2019-08-15 00:57:33,,,,,,2019-08-15 00:57:36
1132,2,,,,,1,2019-08-15 02:49:12,,4.3.0,,,,2019-08-15 02:49:15
1133,3,,,,,0,2019-08-15 02:49:43,,,,,,2019-08-15 02:49:47
1134,2,,,,,1,2019-08-15 02:50:55,,4.3.0,,,,2019-08-15 02:50:58
1135,3,,,,,0,2019-08-15 03:02:26,,,,,,2019-08-15 03:02:53
1136,2,,,,1,1,2020-11-10 04:35:37,,5.37.1,web,Netscape 5.0 (iPhone; CPU iPho,-600,2021-05-03 03:27:58
1137,3,,,,,0,2019-08-17 14:15:17,,,,,,2019-08-17 14:15:21
1138,3,,,,,0,2019-08-19 02:58:38,,,,,,2019-08-19 02:58:42
1139,3,,,,,0,2019-08-19 02:59:15,,,,,,2019-08-19 02:59:19
1140,2,,,,,1,2019-08-19 03:06:48,,4.3.0,,,,2019-08-19 03:06:51
1141,3,,,,,0,2019-08-19 06:09:13,,,,,,2019-08-19 06:09:18
1142,3,,,,,0,2019-08-19 06:10:26,,,,,,2019-08-19 06:10:30
1143,3,,,,3,1,2019-09-26 23:31:19,,,,,,2020-02-20 03:55:35
1144,2,,,,3,1,2019-08-20 00:20:50,,4.4.9,web,Chrome 74,-600,2019-08-20 23:14:20
1145,2,,,,,1,2019-08-20 00:05:36,,4.3.0,,,,2019-08-20 00:05:40
1146,3,,,,,0,2019-08-20 00:08:12,,,,,,2019-08-20 00:08:15
1147,3,,,,,0,2019-08-20 01:04:26,,,,,,2019-08-20 01:04:29
1148,2,,,,,1,2019-08-20 01:58:01,,4.3.0,,,,2019-08-20 01:58:04
1149,3,,,,,0,2019-08-20 02:43:06,,,,,,2019-08-20 02:43:08
1150,3,,,,,0,2019-08-21 01:47:19,,,,,,2019-08-21 01:47:22
1151,3,,,,,0,2019-08-21 03:00:45,,,,,,2019-08-21 03:00:48
1152,3,,,,,0,2019-08-21 04:47:41,,,,,,2019-08-21 04:47:45
1153,3,,,,,0,2019-08-21 04:51:51,,,,,,2019-08-21 04:51:55
1155,3,,,,1,1,,,,,,,
1156,3,,,,,0,2019-08-22 04:06:44,,,,,,2019-08-22 04:06:47
1157,3,,,,,0,2019-08-23 02:20:34,,,,,,2019-08-23 02:20:43
1158,3,,,,,0,2019-08-23 05:45:58,,,,,,2019-08-23 05:46:00
1159,3,,,,,0,2019-08-26 05:09:14,,,,,,2019-08-26 05:09:16
1160,3,,,,,0,2019-08-26 05:23:46,,,,,,2019-08-26 05:23:48
1161,3,,,,,0,2019-08-26 05:28:38,,,,,,2019-08-26 05:28:41
1162,2,,,,,1,2019-08-26 05:52:17,,4.3.0,,,,2019-08-26 05:52:20
1163,3,,,,,0,2019-08-26 05:55:02,,,,,,2019-08-26 05:55:04
1164,2,,,,,1,2019-08-26 05:57:22,,4.3.0,,,,2019-08-26 05:57:24
1165,2,,,,,1,2019-08-26 06:00:49,,4.3.0,,,,2019-08-26 06:00:52
1166,3,,,,,0,2019-08-26 06:27:42,,,,,,2019-08-26 06:27:48
1168,3,,,,,0,2019-08-26 23:57:21,,,,,,2019-08-26 23:57:27
1169,4,,,,1,0,2019-08-27 01:11:33,,,,,,2019-12-21 10:04:40
1170,3,,,,,0,2019-08-27 04:28:08,,,,,,2019-08-27 04:28:12
1171,3,,,,,0,2019-08-27 04:44:09,,,,,,2019-08-27 04:44:13
1173,3,,,,,0,2019-08-28 00:21:43,,,,,,2019-08-28 00:21:47
1174,3,,,,,0,2019-08-28 02:29:01,,,,,,2019-08-28 02:29:04
1175,3,,,,,0,2019-08-28 03:14:24,,,,,,2019-08-28 03:14:30
1176,2,,,,,1,2019-08-28 03:38:36,,,,,,
1177,2,,,,,1,2019-08-28 03:38:57,,4.3.0,,,,2019-08-28 03:38:59
1178,3,,,,,0,2019-08-28 03:53:20,,,,,,2019-08-28 03:53:25
1179,2,,,,,1,2019-08-28 04:07:51,,4.3.0,,,,2019-08-28 04:07:53
1180,3,,,,,0,2019-08-28 04:45:51,,,,,,2019-08-28 04:45:55
1181,3,,,,,0,2019-08-28 05:26:54,,,,,,2019-08-28 05:26:57
1182,3,,,,,0,2019-08-28 05:38:02,,,,,,2019-08-28 05:38:05
1183,3,,,,,0,2019-08-29 00:58:26,,,,,,2019-08-29 00:58:33
1184,3,,,,,0,2019-08-29 03:43:56,,,,,,2019-08-29 03:43:59
1185,2,,,,,1,2019-08-29 03:44:08,,4.4.9,web,Chrome 76,-600,2019-08-30 00:48:30
1186,3,,,,,0,2019-08-29 23:29:28,,,,,,2019-08-29 23:29:36
1187,3,,,,,0,2019-08-30 01:01:01,,,,,,2019-08-30 01:01:05
1188,2,,,,,1,2019-08-30 01:14:13,,4.3.0,,,,2019-08-30 01:14:16
1189,3,,,,,0,2019-08-30 01:17:20,,,,,,2019-08-30 01:17:23
1190,3,,,,,0,2019-08-30 05:40:50,,,,,,2019-08-30 05:40:56
1191,3,,,,,0,2019-09-02 23:20:52,,,,,,2019-09-02 23:20:56
1192,3,,,,,0,2019-09-03 01:28:52,,,,,,2019-09-03 01:28:55
1194,3,,,,,0,2019-09-03 06:21:54,,,,,,2019-09-03 06:21:58
1196,3,,,,1,1,2019-09-06 04:58:11,,,,,,2019-10-22 11:45:02
1197,3,,,,,0,2019-09-05 01:05:06,,,,,,2019-09-05 01:05:11
1198,3,,,,,0,2019-09-05 05:26:00,,,,,,2019-09-05 05:26:07
1199,3,,,,1,1,2020-09-23 22:22:16,,,,,,2020-09-23 22:22:49
1200,3,,,,,0,2019-09-05 05:30:22,,,,,,2019-09-05 05:30:26
1201,3,,,,1,1,,,,,,,
1202,3,,,,,0,2019-09-06 01:50:34,,,,,,2019-09-06 01:50:42
1203,3,,,,,0,2019-09-06 02:17:07,,,,,,2019-09-06 02:17:11
1204,2,,,,,0,2019-09-06 03:17:16,,,,,,
1205,2,,,,,0,2019-09-06 03:17:23,,,,,,
1208,2,,,,,0,2019-09-06 03:17:40,,,,,,
1209,2,,,,,1,2019-09-06 03:17:43,,,,,,
1210,3,,,,,1,2019-09-06 03:18:06,,,,,,
1214,2,,,,3,1,2021-03-31 21:38:44,,5.20.0,web,Chrome 85,-600,2020-09-13 22:58:21
1216,2,,,,,1,2019-09-06 03:20:48,,,,,,
1220,2,,,,1,1,2021-04-22 01:38:33,,,,,,
1222,2,,,,,1,2019-09-06 03:23:20,,,,,,
1223,2,,,,,1,2019-09-06 03:23:21,,,,,,
1224,2,,,,,1,2019-09-06 03:23:22,,,,,,
1227,2,,,"",6,1,2020-11-05 23:36:14,,,,,,
1228,2,,,,,0,2019-09-06 03:23:33,,,,,,
1229,2,,,,,0,2019-09-06 03:23:56,,,,,,
1231,2,,,,,0,2019-09-06 03:24:10,,,,,,
1248,2,,,,,1,2019-09-06 03:25:01,,,,,,
1251,2,,,"",3,1,2020-11-06 00:21:41,,,,,,
1264,2,,,,,1,2019-09-06 03:26:22,,,,,,
1270,2,,,"",3,1,2020-11-06 00:21:47,,,,,,
1271,2,,,"",3,1,2020-11-06 00:21:52,,,,,,
1273,2,,,"",3,1,2020-11-06 00:21:59,,,,,,
1274,2,,,"",3,1,2020-11-06 00:19:40,,,,,,
1275,2,,,"",1,1,2020-11-06 00:19:03,,,,,,
1276,2,,,"",3,1,2020-11-06 00:19:33,,,,,,
1277,2,,,"",5,1,2020-11-06 00:19:27,,,,,,
1278,2,,,"",6,1,2020-11-06 00:19:08,,,,,,
1279,2,,,"",9,1,2020-11-06 00:19:20,,,,,,
1280,2,,,"",10,1,2020-11-06 00:19:14,,,,,,
1281,2,,,"",3,1,2020-11-06 00:22:05,,,,,,
1282,2,,,,,1,2019-09-06 03:29:08,,,,,,
1283,2,,,,,1,2019-09-06 03:29:09,,,,,,
1284,2,,,,,1,2019-09-06 03:29:10,,,,,,
1291,3,,,,,1,2019-09-06 03:29:24,,,,,,
1305,2,,,,,1,2019-09-06 03:30:01,,,,,,
1346,2,,,,,1,2019-09-06 03:30:41,,,,,,
1348,2,,,"",1,1,2020-11-05 23:54:33,,,,,,
1381,2,,,"",4,0,2020-11-05 23:36:00,,,,,,
1382,2,,,,,1,2019-09-06 03:32:23,,,,,,
1386,2,,,"",5,1,2020-11-05 23:36:09,,,,,,
1387,3,,,,,1,2019-09-06 03:34:41,,,,,,
1389,2,,,,,1,2019-09-06 03:35:27,,,,,,
1391,2,,,,5,1,2021-02-26 03:41:48,,,,,,
1395,2,,,,,1,2019-09-06 03:45:50,,,,,,
1401,2,,,,,1,2019-09-06 03:51:36,,,,,,
1402,2,,,,,1,2019-09-06 03:51:37,,,,,,
1403,2,,,,,1,2019-09-06 03:51:39,,,,,,
1404,2,,,,,1,2019-09-06 03:51:40,,,,,,
1405,2,,,,,1,2019-09-06 03:51:40,,,,,,
1406,2,,,,,1,2019-09-06 03:51:41,,,,,,
1407,2,,,,,1,2019-09-06 03:51:42,,,,,,
1408,2,,,,,1,2019-09-06 03:51:43,,,,,,
1412,3,,,,1,1,,,,,,,
1413,3,,,,,0,2019-09-08 23:19:17,,,,,,2019-09-08 23:19:21
1414,3,,,,,0,2019-09-09 02:54:45,,,,,,2019-09-09 02:54:48
1415,3,,,,,0,2019-09-09 03:54:12,,,,,,2019-09-09 03:54:15
1416,3,,,,,0,2019-09-09 03:57:55,,,,,,2019-09-09 03:57:57
1417,3,,,,,0,2019-09-10 04:02:55,,,,,,2019-09-10 04:02:59
1418,3,,,,,0,2019-09-11 01:21:33,,,,,,2019-09-11 01:21:37
1419,3,,,,,0,2019-09-11 01:59:59,,,,,,2019-09-11 02:00:02
1420,3,,,,,0,2019-09-12 01:24:02,,,,,,2019-09-12 01:24:06
1421,3,,,,,0,2019-09-12 05:25:20,,,,,,2019-09-12 05:25:24
1422,3,,,,,0,2019-09-12 05:30:31,,,,,,2019-09-12 05:30:34
1423,3,,,,,0,2019-09-12 05:53:40,,,,,,2019-09-12 05:53:43
1424,3,,,,,0,2019-09-12 06:13:34,,,,,,2019-09-12 06:13:38
1425,3,,,,,0,2019-09-12 06:19:01,,,,,,2019-09-12 06:19:04
1426,3,,,,,0,2019-09-12 07:03:25,,,,,,2019-09-12 07:03:30
1427,3,,,,,0,2019-09-12 07:04:42,,,,,,2019-09-12 07:04:45
1428,3,,,,,0,2019-09-12 07:06:04,,,,,,2019-09-12 07:06:07
1429,3,,,,,0,2019-09-16 05:51:37,,,,,,2019-09-16 05:51:41
1430,3,,,,,0,2019-09-16 23:19:05,,,,,,2019-09-16 23:19:09
1431,3,,,,,0,2019-09-17 00:03:30,,,,,,2019-09-17 00:03:33
1432,3,,,,,0,2019-09-18 12:30:31,,,,,,2019-09-18 12:30:32
1433,3,,,,,0,2019-09-18 12:31:01,,,,,,2019-09-18 12:31:11
1434,3,,,,,0,2019-09-18 23:15:50,,,,,,2019-09-18 23:15:54
1435,3,,,,,0,2019-09-19 00:56:32,,,,,,2019-09-19 00:56:33
1436,3,,,,,0,2019-09-19 01:08:21,,,,,,2019-09-19 01:08:27
1437,3,,,,1,1,2019-09-20 05:23:18,,,,,,
1444,3,,,,,0,2019-09-23 00:34:58,,,,,,2019-09-23 00:35:01
1445,3,,,,,0,2019-09-25 04:52:48,,,,,,2019-09-25 04:52:52
1446,3,,,,,0,2019-09-27 05:29:25,,,,,,2019-09-27 05:29:29
1447,3,,,,,0,2019-09-27 05:35:18,,,,,,2019-09-27 05:35:22
1448,3,,,,,0,2019-09-30 05:11:48,,,,,,2019-09-30 05:11:52
1449,3,,,,,0,2019-09-30 05:14:08,,,,,,2019-09-30 05:14:12
1450,3,,,,,0,2019-09-30 06:55:23,,,,,,2019-09-30 06:55:27
1451,3,,,,,0,2019-09-30 10:27:26,,,,,,2019-09-30 10:27:27
1452,3,,,,,0,2019-09-30 10:28:01,,,,,,2019-09-30 10:28:11
1453,2,,,,,1,2020-09-25 01:38:48,,,,,,
1454,3,,,,,0,2019-10-01 00:07:08,,,,,,2019-10-01 00:07:12
1455,3,,,,,0,2019-10-01 04:19:14,,,,,,2019-10-01 04:19:20
1456,3,,,,,0,2019-10-01 04:19:32,,,,,,2019-10-01 04:19:36
1457,3,,,,1,1,2020-02-21 02:29:52,,,,,,2020-02-21 02:30:15
1458,3,,,,,0,2019-10-01 07:04:32,,,,,,2019-10-01 07:04:36
1459,3,,,,,1,2019-10-01 19:15:43,,,,,,
1479,2,,,,1,1,2019-10-02 15:35:20,Imported from QB,,,,,
1480,3,,,,,1,2019-10-02 18:35:03,,,,,,
1482,3,,,,,1,2019-10-02 18:36:19,,,,,,
1487,3,,,,1,1,,,,,,,
1503,3,,,,,0,2019-10-11 06:06:57,,,,,,2019-10-11 06:07:00
1504,3,,,,,0,2019-10-14 02:38:37,,,,,,2019-10-14 02:38:50
1505,3,,,,,0,2019-10-14 23:15:23,,,,,,2019-10-14 23:15:31
1506,3,,,,,0,2019-10-16 04:13:30,,,,,,2019-10-16 04:13:33
1507,3,,,,,0,2019-10-17 04:46:55,,,,,,2019-10-17 04:46:58
1508,3,,,,8,1,,,,,,,2019-10-24 00:02:00
1509,3,,,,,0,2019-10-23 03:19:50,,,,,,2019-10-23 03:19:53
1510,3,,,,,0,2019-10-23 21:21:04,,,,,,2019-10-23 21:21:08
1511,3,,,,,0,2019-10-23 23:29:02,,,,,,2019-10-23 23:29:06
1512,3,,,,,0,2019-10-23 23:45:02,,,,,,2019-10-23 23:45:05
1513,3,,,,1,1,,,,,,,2021-05-03 04:55:28
1514,3,,,,,0,2019-10-25 03:32:17,,,,,,2019-10-25 03:32:20
1515,3,,,,,0,2019-10-25 04:20:45,,,,,,2019-10-25 04:20:47
1516,3,,,,1,1,,,,,,,2019-11-01 00:05:50
1518,3,,,,,0,2019-10-28 02:21:31,,,,,,2019-10-28 02:21:35
1519,3,,,,,0,2019-10-28 02:31:00,,,,,,2019-10-28 02:31:03
1520,3,,,,,0,2019-10-28 03:11:43,,,,,,2019-10-28 03:11:50
1521,3,,,,,0,2019-10-28 03:29:29,,,,,,2019-10-28 03:29:33
1522,3,,,,,0,2019-10-28 22:55:50,,,,,,2019-10-28 22:55:54
1523,3,,,,,0,2019-10-29 05:27:30,,,,,,2019-10-29 05:27:32
1524,3,,,,,0,2019-10-30 05:20:18,,,,,,2019-10-30 05:20:21
1525,2,,,,,1,2019-10-30 05:21:05,,,,,,
1526,3,,,,,0,2019-10-30 05:22:44,,,,,,2019-10-30 05:22:46
1530,3,,,,1,1,,,,,,,2019-10-31 22:28:00
1531,3,,,,,0,2019-10-31 23:38:29,,,,,,2019-10-31 23:38:32
1532,3,,,,,0,2019-11-01 00:33:15,,,,,,2019-11-01 00:33:18
1533,3,,,,,0,2019-11-04 05:03:52,,,,,,2019-11-04 05:03:56
1534,3,,,,,0,2019-11-05 01:06:36,,,,,,2019-11-05 01:06:40
1535,3,,,,,0,2019-11-06 02:43:08,,,,,,2019-11-06 02:43:11
1536,3,,,,,0,2019-11-06 04:02:15,,,,,,2019-11-06 04:02:19
1537,3,,,,,0,2019-11-07 21:33:46,,,,,,2019-11-07 21:33:49
1538,3,,,,,0,2019-11-08 00:14:32,,,,,,2019-11-08 00:14:36
1539,3,,,,,0,2019-11-13 00:43:08,,,,,,2019-11-13 00:43:11
1540,3,,,,,0,2019-11-13 00:43:28,,,,,,2019-11-13 00:43:31
1541,3,,,,,0,2019-11-13 01:23:43,,,,,,2019-11-13 01:23:46
1542,3,,,,,0,2019-11-13 03:39:17,,,,,,2019-11-13 03:39:21
1543,3,,,,,0,2019-11-13 03:41:26,,,,,,2019-11-13 03:41:29
1544,3,,,,1,1,,,,,,,
1545,3,,,,,0,2019-11-14 22:55:47,,,,,,2019-11-14 22:55:56
1546,3,,,,5,1,,,,,,,2019-12-03 21:56:02
1547,3,,,,,0,2019-11-18 23:10:54,,,,,,2019-11-18 23:11:01
1548,3,,,,,0,2019-11-19 04:42:30,,,,,,2019-11-19 04:42:33
1550,3,,,,1,1,,,,,,,2020-10-21 00:07:56
1551,3,"",,"",1,0,2019-11-26 13:24:00,,,,,,2019-12-03 13:56:12
1552,3,,,,,1,2019-11-28 01:07:48,,,,,,2019-11-28 01:07:52
1553,3,,,,,1,2019-11-28 04:16:23,,,,,,2019-11-28 04:16:28
1554,3,,,,,1,2019-11-28 23:13:41,,,,,,2019-11-28 23:13:44
1555,2,,,,1,1,2021-02-18 06:01:32,,5.34.2,web,Chrome 89,-660,2021-03-18 00:12:12
1556,3,,,,,1,2019-12-03 05:53:32,,,,,,2019-12-03 05:53:34
1557,3,,,,,1,2019-12-04 00:06:34,,,,,,2019-12-04 00:06:39
1558,2,,,,,1,2019-12-04 00:06:51,,4.3.0,,,,2019-12-04 00:06:54
1559,3,,,,,1,2019-12-04 21:28:52,,,,,,2019-12-04 21:28:53
1560,3,,,,,1,2019-12-09 02:17:53,,,,,,2019-12-09 02:17:57
1561,3,Sutherland,NSW,2232,3,1,2020-11-05 12:01:10,,,,,,2019-12-10 02:18:00
1562,2,,,,1,1,2019-12-10 22:24:55,,,,,,
1563,3,,,,,1,2019-12-17 00:39:44,,,,,,2019-12-17 00:39:47
1564,3,,,,,1,2019-12-17 00:40:53,,,,,,2019-12-17 00:40:56
1565,3,,,,,1,2019-12-19 03:33:22,,,,,,2019-12-19 03:33:26
1566,2,Sydney,NSW,2000,,0,2020-01-02 20:30:20,,,,,,
1568,2,St. Kilda,VIC,3182,,0,2020-01-02 21:06:40,,,,,,
1569,3,,,,,1,2020-01-02 22:29:59,,,,,,2020-01-02 22:30:02
1571,2,Melbourne,VIC,3000,,1,2020-01-03 01:45:45,,,,,,
1572,2,Melbourne,VIC,3000,,1,2020-01-03 03:19:36,,,,,,
1574,2,St. Kilda,VIC,3182,,0,2020-01-03 03:34:45,,,,,,
1577,3,,,,,1,2020-01-03 23:13:06,,,,,,2020-01-03 23:13:19
1578,2,,,,,0,2020-01-04 12:36:37,,,,,,
1581,2,,,,,1,2020-01-05 11:12:23,,,,,,
1582,2,,,,,1,2020-01-05 11:12:23,,,,,,
1583,2,,,,,1,2020-01-05 11:12:24,,,,,,
1585,2,,,,,1,2020-01-05 11:23:30,,,,,,
1586,2,,,,,1,2020-01-05 11:23:31,,,,,,
1587,2,,,,,1,2020-01-05 11:23:32,,,,,,
1588,2,,,,,1,2020-01-05 11:23:33,,,,,,
1589,2,,,,,1,2020-01-05 11:23:34,,,,,,
1590,2,,,,,0,2020-01-05 11:23:35,,,,,,
1592,3,,,,,1,2020-01-07 22:25:46,,,,,,2020-01-07 22:25:50
1593,2,,,,,1,2020-01-07 22:26:04,,4.3.0,,,,2020-01-07 22:26:07
1594,4,,,,,1,2020-01-07 22:40:11,,,,,,2020-02-06 00:43:50
1595,2,,,,,1,2020-01-07 23:15:41,,,,,,
1596,3,,,,,1,2020-01-08 04:21:58,,,,,,2020-01-08 04:22:01
1602,2,,,,,1,2020-01-08 12:50:49,,,,,,
1603,3,,,,,1,2020-01-08 22:33:12,,,,,,2020-01-08 22:33:16
1604,3,,,,,1,2020-01-09 01:25:54,,,,,,2020-01-09 01:25:57
1605,3,,,,,1,2020-01-09 23:09:56,,,,,,2020-01-09 23:10:00
1606,3,,,,,1,2020-01-10 03:27:49,,,,,,2020-01-10 03:27:52
1607,3,,,,,1,2020-01-10 04:25:12,,,,,,2020-01-10 04:25:15
1608,3,,,,1,1,2020-08-06 03:08:16,,,,,,2021-04-29 00:14:01
1609,2,,,,1,1,2020-11-12 00:30:13,,5.37.1,web,Chrome 90,-600,2021-04-29 00:30:57
1610,3,,,,3,0,2020-02-10 05:28:37,,,,,,2020-02-10 04:04:45
1611,2,,,,1,0,2020-02-10 05:45:17,,5.6.6,Android,10,-660,2020-02-06 03:08:03
1612,3,,,,,1,2020-01-13 04:46:15,,,,,,2020-01-13 04:46:18
1613,3,,,,,1,2020-01-13 05:29:37,,,,,,2020-01-13 05:29:42
1614,3,,,,5,1,,,,,,,2020-01-13 05:30:46
1615,2,,,"",9,1,2020-11-05 23:54:20,,5.23.2,web,Chrome 85,-600,2020-10-02 01:55:14
1616,2,,,"",8,1,2020-06-19 03:39:38,,,,,,
1617,2,,,,,1,2020-01-15 01:07:28,,4.3.0,,,,2020-01-15 01:07:31
1618,2,,,,,1,2020-01-15 01:08:47,,4.3.0,,,,2020-01-15 01:08:49
1619,2,,,,,1,2020-01-15 01:10:34,,5.5.5,web,Chrome 79,-660,2020-01-15 04:54:16
1620,3,,,,,1,2020-01-15 01:18:24,,,,,,2020-01-15 01:18:28
1621,3,,,,,1,2020-01-17 00:10:05,,,,,,2020-01-17 00:10:08
1622,3,,,,,1,2020-01-17 03:20:34,,,,,,2020-01-17 03:20:38
1623,3,,,,,1,2020-01-17 03:21:57,,,,,,2020-01-17 03:22:00
1624,3,,,,,1,2020-01-17 05:22:56,,,,,,2020-01-17 05:22:58
1625,3,,,,,1,2020-01-20 03:57:34,,,,,,2020-01-20 03:57:36
1626,3,,,,1,1,2020-01-23 22:26:22,,,,,,2020-02-14 02:33:09
1627,2,Scone,NSW,2337,1,1,2021-04-14 01:03:32,,5.36.1,web,Netscape 5.0 (iPhone; CPU iPho,-600,2021-04-14 01:03:34
1629,2,,,,3,1,,,,,,,
1632,3,,,,1,0,,,,,,,
1634,3,,,,,1,2020-01-28 00:37:47,,,,,,2020-01-28 00:37:50
1635,3,,,,,1,2020-01-30 03:15:27,,,,,,2020-01-30 03:15:30
1636,3,,,,,1,2020-01-30 03:46:47,,,,,,2020-01-30 03:46:50
1637,3,,,,,1,2020-01-30 21:16:01,,,,,,2020-01-30 21:16:05
1638,3,,,,,1,2020-01-30 21:18:18,,,,,,2020-01-30 21:18:21
1639,3,,,,,1,2020-01-30 21:22:20,,,,,,2020-01-30 21:22:23
1640,3,,,,,1,2020-01-30 21:38:28,,,,,,2020-01-30 21:38:31
1641,3,,,,,1,2020-01-30 22:41:27,,,,,,2020-01-30 22:41:29
1642,3,,,,,1,2020-01-30 22:43:13,,,,,,2020-01-30 22:43:16
1646,3,,,,,1,2020-02-03 01:45:39,,,,,,2020-02-03 01:45:42
1647,3,,,,,1,2020-02-03 23:07:16,,,,,,2020-02-03 23:07:20
1648,3,,,,,1,2020-02-03 23:13:42,,,,,,
1649,3,,,,,1,2020-02-03 23:27:54,,,,,,2020-02-03 23:27:57
1650,3,,,,,1,2020-02-04 03:14:22,,,,,,2020-02-04 03:14:26
1651,3,,,,,1,2020-02-04 05:15:02,,,,,,2020-02-04 05:15:05
1652,3,,,,,1,2020-02-04 22:24:13,,,,,,2020-02-04 22:24:16
1653,3,,,,1,1,,,,,,,2020-02-05 02:40:31
1654,3,,,,,1,2020-02-05 05:14:54,,,,,,2020-02-05 05:14:57
1655,3,,,,,1,2020-02-05 05:49:59,,,,,,2020-02-05 05:50:01
1656,3,,,,,1,2020-02-05 05:55:52,,,,,,2020-02-05 05:55:54
1657,3,,,,1,1,2020-02-05 18:06:25,,,,,,2021-03-15 17:43:54
1658,3,,,,1,1,2020-10-22 23:10:31,,,,,,2021-04-07 03:32:08
1659,2,,,,1,1,2020-02-11 04:25:57,,5.19.0,web,Netscape 5.0 (iPhone; CPU iPho,-600,2020-09-06 23:26:47
1660,3,,,,,1,2020-02-07 05:08:40,,,,,,2020-02-07 05:08:44
1661,3,,,,,1,2020-02-07 05:09:39,,,,,,2020-02-07 05:09:41
1662,3,,,,,1,2020-02-07 05:09:50,,,,,,2020-02-07 05:09:52
1663,3,,,,,1,2020-02-10 02:44:59,,,,,,2020-02-10 02:45:03
1664,3,,,,,1,2020-02-10 04:02:00,,,,,,2020-02-10 04:02:05
1665,3,,,,,1,2020-02-10 22:35:14,,,,,,2020-02-10 22:35:18
1666,3,,,,,1,2020-02-11 01:16:51,,,,,,2020-02-11 01:16:55
1667,3,,,,,1,2020-02-12 00:20:29,,,,,,2020-02-12 00:20:34
1668,3,,,,,1,2020-02-12 01:04:30,,,,,,2020-02-12 01:04:33
1669,3,,,,,1,2020-02-12 01:34:48,,,,,,2020-02-12 01:34:51
1670,3,,,,,1,2020-02-12 03:47:24,,,,,,2020-02-12 03:47:27
1671,3,,,,,1,2020-02-12 04:31:31,,,,,,2020-02-12 04:31:34
1672,3,,,,,1,2020-02-12 05:33:40,,,,,,2020-02-12 05:33:43
1673,3,,,,,1,2020-02-12 05:45:09,,,,,,2020-02-12 05:45:12
1675,3,,,,,1,2020-02-13 06:03:54,,,,,,2020-02-13 06:03:57
1676,3,,,,,1,2020-02-13 06:04:53,,,,,,2020-02-13 06:05:28
1677,3,,,,,1,2020-02-13 06:08:35,,,,,,
1678,3,,,,,1,2020-02-13 06:10:43,,,,,,
1679,3,,,,,1,2020-02-13 23:22:20,,,,,,2020-02-13 23:22:23
1680,2,Sydney,NSW,2000,,1,2020-02-16 07:06:23,,,,,,
1681,3,,,,,1,2020-02-17 02:07:27,,,,,,2020-02-17 02:07:30
1682,3,,,,1,1,,,,,,,2020-02-20 03:54:41
1683,3,,,,,1,2020-02-21 05:47:35,,,,,,2020-02-21 05:47:38
1684,3,,,,,1,2020-02-22 00:32:23,,,,,,2020-02-22 00:32:31
1685,3,,,,1,1,2020-03-08 23:21:18,,,,,,2021-04-21 05:28:55
1686,3,,,,,1,2020-02-24 04:02:02,,,,,,2020-02-24 04:02:05
1687,3,,,,,1,2020-02-24 23:27:58,,,,,,2020-02-24 23:28:01
1688,3,,,,1,1,,,,,,,
1689,2,,,,,1,2020-02-26 03:09:29,,5.7.1,web,Chrome 80,-660,2020-02-28 03:52:56
1690,3,,,,,1,2020-02-26 19:44:46,,,,,,
1698,3,,,,,1,2020-02-26 22:50:20,,,,,,2020-02-26 22:50:22
1701,3,,,,,1,2020-02-27 05:24:39,,,,,,2020-02-27 05:24:42
1702,3,,,,,1,2020-02-27 20:29:41,,,,,,2020-02-27 20:29:43
1703,3,,,,,1,2020-02-27 20:30:41,,,,,,2020-02-27 20:30:43
1704,3,,,,,1,2020-02-27 20:58:25,,,,,,2020-02-27 20:58:28
1705,3,,,,,1,2020-02-28 03:53:48,,,,,,2020-02-28 03:53:51
1706,3,,,,,1,2020-02-28 05:32:30,,,,,,2020-02-28 05:32:32
1707,3,,,,,1,2020-03-02 01:48:52,,,,,,2020-03-02 01:48:55
1708,3,,,,,1,2020-03-02 04:50:31,,,,,,2020-03-02 04:50:35
1709,3,,,,,1,2020-03-02 05:18:41,,,,,,2020-03-02 05:18:45
1710,3,,,,,1,2020-03-02 05:22:04,,,,,,2020-03-02 05:22:06
1712,2,,,,6,0,2020-09-26 09:16:53,,,,,,
1713,3,,,,,1,2020-03-04 03:40:13,,,,,,2020-03-04 03:40:15
1714,3,,,,,1,2020-03-05 02:08:14,,,,,,2020-03-05 02:08:19
1715,3,,,,,1,2020-03-05 02:13:24,,,,,,2020-03-05 02:13:29
1716,3,,,,,1,2020-03-05 22:08:09,,,,,,2020-03-05 22:08:13
1717,2,,,,3,1,,,5.8.4,web,Chrome 80,-660,2020-03-31 00:20:21
1718,3,,,,,1,2020-03-10 04:00:05,,,,,,2020-03-10 04:00:09
1719,3,,,,,1,2020-03-10 23:16:58,,,,,,2020-03-10 23:17:01
1720,3,,,,,1,2020-03-10 23:23:32,,,,,,2020-03-10 23:23:34
1721,3,,,,,1,2020-03-12 00:54:10,,,,,,2020-03-12 00:54:12
1722,3,,,,,1,2020-03-12 01:49:54,,,,,,2020-03-12 01:49:57
1723,3,,,,,1,2020-03-13 01:41:25,,,,,,2020-03-13 01:41:28
1724,3,,,,1,1,,,,,,,2020-04-09 06:10:57
1725,2,Ascot Vale,vic,3032,1,1,2021-02-16 03:41:19,,5.33.2,web,Netscape 5.0 (iPhone; CPU iPho,-660,2021-03-01 01:59:41
1726,3,,,,,1,2020-03-13 02:57:57,,,,,,2020-03-13 02:57:59
1727,3,,,,,1,2020-03-13 04:47:09,,,,,,2020-03-13 04:47:12
1728,3,,,,,1,2020-03-13 05:03:20,,,,,,2020-03-13 05:03:23
1729,2,North Sunshine,VIC,3020,3,1,2020-03-18 19:34:16,,,,,,
1730,2,Ascot Vale,VIC,3032,1,1,,,,,,,
1731,3,,,,,1,2020-03-20 04:24:09,,,,,,2020-03-20 04:24:17
1732,3,Clayton,VIC,3168,1,1,,,,,,,
1735,2,,,,,1,2020-03-23 21:16:42,,,,,,
1736,3,,,,1,1,,,,,,,
1737,3,,,,,1,2020-03-24 00:31:37,,,,,,2020-03-24 00:31:42
1740,2,,,,3,1,,,,,,,
1741,3,,,,,1,2020-03-26 22:26:56,,,,,,2020-03-26 22:27:02
1742,3,,,,,1,2020-03-30 00:46:53,,,,,,2020-03-30 00:46:56
1743,2,,,"",0,1,2020-09-09 06:31:24,,,,,,
1745,2,,,,,0,2020-03-31 11:57:41,,,,,,
1746,2,,,,,0,2020-03-31 12:11:22,,,,,,
1747,2,,,,,1,2020-03-31 12:27:32,,,,,,
1749,2,,,,,1,2020-03-31 22:31:32,,,,,,
1750,2,,,,,1,2020-03-31 22:31:34,,,,,,
1751,2,,,,1,1,2020-07-29 07:49:04,,5.15.0,web,Chrome 84,-600,2020-07-30 00:25:36
1752,2,,,,1,1,,,5.9.0,web,Netscape 5.0 (iPhone; CPU iPho,-600,2020-04-09 04:16:27
1753,3,POrtland,Oregon,503Â­ 91463,1,1,,,,,,,2020-04-21 03:16:56
1754,2,,,,5,0,2020-07-01 05:17:28,,5.11.7,web,Chrome 83,-600,2020-07-01 05:18:43
1755,2,,,,5,1,,,,,,,
1757,2,,,,1,1,2020-07-08 18:59:12,,5.30.1,web,Netscape 5.0 (iPhone; CPU iPho,420,2021-01-13 02:15:36
1758,2,,,,1,1,,,,,,,
1762,2,,,,1,1,,,,,,,
1763,4,,,,,1,2020-06-04 03:53:54,,,,,,2020-12-10 03:00:37
1764,3,,,,1,1,,,,,,,2021-01-19 04:22:20
1765,2,,,"",5,1,2020-09-09 06:29:43,,5.12.0,web,Chrome 83,-600,2020-07-16 23:31:04
1766,2,,,,6,1,,,5.11.5,web,Chrome 83,-600,2020-06-18 02:33:35
1768,2,Macquarie Park,NSW,2113,1,1,2020-06-25 23:09:16,,,,,,
1770,3,,,,1,1,,,,,,,2020-07-19 23:32:34
1771,2,,,,1,1,2021-03-03 05:02:30,,5.36.0,web,Chrome 89,-600,2021-04-09 00:24:46
1773,3,,,,8,1,,,,,,,2021-04-20 05:56:55
1774,3,,,,1,1,2020-07-27 05:49:14,,,,,,2021-05-03 04:03:00
1775,3,,,,1,1,,,,,,,2020-07-27 22:01:12
1776,3,,,,1,1,,,,,,,2020-07-31 02:51:58
1777,3,,,,10,1,2021-01-11 23:33:41,,,,,,2021-05-02 23:19:08
1778,3,,,,10,0,,,,,,,2020-08-27 20:50:37
1780,2,,,,1,1,,,,,,,
1781,2,,,,8,1,,,5.18.0,web,Chrome 84,420,2020-08-28 15:07:35
1782,3,,,,1,1,2020-11-19 06:46:02,,,,,,2021-05-01 23:52:26
1783,3,,,,1,1,,,,,,,2020-12-17 01:34:51
1786,3,,,,1,1,,,,,,,2020-09-10 06:54:40
1787,2,,,,1,1,,,5.30.1,web,Chrome 87,-660,2021-01-11 05:54:03
1791,3,,,,1,1,,,,,,,2020-09-29 01:32:56
1792,2,,,,1,0,2020-10-16 03:00:18,,5.24.0,web,Chrome 86,-660,2020-10-16 02:52:11
1793,3,,,,6,1,,,,,,,2020-10-22 03:24:42
1794,3,,,,6,1,,,,,,,2020-10-21 23:15:38
1795,2,,,,10,1,,,5.37.1,web,Chrome 89,-600,2021-04-27 23:50:55
1797,3,,,,6,1,,,,,,,2021-04-14 05:46:08
1798,2,,,,1,1,2021-04-09 22:03:57,,5.37.1,web,Netscape 5.0 (iPhone; CPU iPho,-600,2021-04-28 22:30:27
1799,3,,,,1,1,2021-01-10 21:46:39,,,,,,
1800,2,,,,1,1,2021-01-10 21:47:07,,,,,,
1801,3,,,,1,1,2021-03-10 03:19:09,,,,,,2021-04-29 22:50:57
1802,2,,,,1,1,2021-01-22 01:57:22,,5.37.1,web,Chrome 90,-600,2021-04-30 05:08:38
1803,2,,,,1,1,,Do not delete. This is used by Google Play Store to review an app.,5.30.3,web,Chrome 87,-660,2021-01-18 04:16:24
1806,3,,,,1,1,,,,,,,2021-01-20 16:25:00
1807,2,,,,1,1,2021-01-20 23:36:46,,,,,,
1808,2,,,,4,1,2021-01-22 00:16:18,,,,,,
1809,2,,,,1,0,2021-01-24 23:09:44,,,,,,
1810,2,,,,1,1,2021-01-28 04:49:37,,5.31.0,web,Firefox 85,-660,2021-01-28 04:49:49
1811,3,,,,1,1,2021-01-28 04:47:02,,,,,,2021-01-28 04:47:12
1812,2,,,,1,1,2021-01-29 04:43:08,,,,,,
1813,4,,,,,1,2021-02-01 03:51:03,,,,,,2021-02-01 03:56:08
1814,2,,,,1,1,2021-02-15 05:25:37,,5.37.1,web,Netscape 5.0 (iPhone; CPU iPho,-600,2021-05-03 03:06:13
1815,3,,,,1,1,2021-02-14 23:44:55,,,,,,2021-04-27 03:44:31
1819,2,,,,8,1,,,,,,,
1820,2,,,,10,1,2021-02-23 00:21:53,,5.36.1,web,Netscape 5.0 (iPhone; CPU iPho,-600,2021-04-30 05:09:31
1821,2,,,,10,1,,,,,,,
1822,2,,,,1,1,,,,,,,
1823,2,,,,1,1,,,,,,,
1824,2,,,,1,1,,,,,,,
1825,2,,,,1,1,,,,,,,
1826,2,,,,1,1,,,,,,,
1827,2,,,,1,1,2021-02-23 04:40:14,,,,,,
1828,2,,,,1,1,,,,,,,
1829,2,,,,5,1,,,5.33.2,web,Chrome 88,-660,2021-03-07 21:17:53
1830,2,,,,1,0,2021-03-04 23:35:56,,5.33.2,web,Chrome 88,-660,2021-03-04 07:36:03
1831,3,,,,1,1,2021-03-07 23:22:39,,,,,,2021-03-08 02:30:35
1832,2,,,,1,1,2021-03-08 05:14:04,,5.37.1,web,Chrome 4,-600,2021-05-03 00:29:53
1833,3,SYDNEY,New South Wales,2000,1,1,2021-03-25 00:42:36,,,,,,
1834,2,Macquarie Park,,2113,,1,2021-04-01 01:31:21,,,,,,
1837,2,,,,,1,2021-04-20 06:24:18,,,,,,
1838,2,,,,,1,2021-04-20 06:31:18,,,,,,
1841,2,,,,,1,2021-04-20 06:50:31,,,,,,
1842,2,,,,1,1,2021-04-20 06:59:16,,,,,,
1844,2,,,,3,1,2021-04-20 07:18:09,,,,,,
1845,2,,,,3,1,2021-04-22 05:36:32,,,,,,
